ts,session,structure,action,reason,open,high,low,close,entry,sl,tp,rr,balance
2026-05-08T07:55:00+00:00,CRYPTO,RANGE,NO_TRADE,RANGE_STRUCTURE,88.17,88.23,88.14,88.22,0,0,0,0,100.0
2026-05-08T08:00:00+00:00,CRYPTO,RANGE,NO_TRADE,RANGE_STRUCTURE,88.23,88.27,88.19,88.27,0,0,0,0,100.0
2026-05-08T08:05:00+00:00,CRYPTO,RANGE,NO_TRADE,RANGE_STRUCTURE,88.27,88.36,88.16,88.22,0,0,0,0,100.0
2026-05-08T08:10:00+00:00,CRYPTO,BULLISH,NO_TRADE,NO_BREAKOUT,88.22,88.3,88.19,88.22,0,0,0,0,100.0
2026-05-08T08:15:00+00:00,CRYPTO,BULLISH,NO_TRADE,NO_BREAKOUT,88.22,88.26,88.16,88.16,0,0,0,0,100.0
2026-05-08T08:20:00+00:00,CRYPTO,BULLISH,NO_TRADE,NO_BREAKOUT,88.16,88.2,88.05,88.05,0,0,0,0,100.0
2026-05-08T08:25:00+00:00,CRYPTO,BULLISH,NO_TRADE,NO_BREAKOUT,88.05,88.28,88.01,88.2,0,0,0,0,100.0
2026-05-08T08:30:00+00:00,CRYPTO,RANGE,NO_TRADE,RANGE_STRUCTURE,88.21,88.29,88.19,88.29,0,0,0,0,100.0
2026-05-08T08:35:00+00:00,CRYPTO,RANGE,NO_TRADE,RANGE_STRUCTURE,88.29,88.46,88.29,88.46,0,0,0,0,100.0
2026-05-08T08:40:00+00:00,CRYPTO,RANGE,NO_TRADE,RANGE_STRUCTURE,88.46,88.52,88.38,88.48,0,0,0,0,100.0
2026-05-08T08:45:00+00:00,CRYPTO,RANGE,NO_TRADE,RANGE_STRUCTURE,88.48,88.63,88.46,88.52,0,0,0,0,100.0
2026-05-08T08:50:00+00:00,CRYPTO,RANGE,NO_TRADE,RANGE_STRUCTURE,88.52,88.54,88.46,88.51,0,0,0,0,100.0
2026-05-08T08:55:00+00:00,CRYPTO,RANGE,NO_TRADE,RANGE_STRUCTURE,88.52,88.52,88.35,88.38,0,0,0,0,100.0
2026-05-08T09:00:00+00:00,CRYPTO,RANGE,NO_TRADE,RANGE_STRUCTURE,88.38,88.39,88.23,88.3,0,0,0,0,100.0
2026-05-08T09:05:00+00:00,CRYPTO,BULLISH,NO_TRADE,NO_BREAKOUT,88.29,88.48,88.28,88.47,0,0,0,0,100.0
2026-05-08T09:10:00+00:00,CRYPTO,BULLISH,NO_TRADE,NO_BREAKOUT,88.48,88.56,88.45,88.55,0,0,0,0,100.0
2026-05-08T09:15:00+00:00,CRYPTO,BULLISH,NO_TRADE,NO_BREAKOUT,88.56,88.6,88.53,88.57,0,0,0,0,100.0
2026-05-08T09:20:00+00:00,CRYPTO,BULLISH,NO_TRADE,NO_BREAKOUT,88.57,88.69,88.56,88.64,0,0,0,0,100.0
2026-05-08T09:25:00+00:00,CRYPTO,BULLISH,NO_TRADE,NO_BREAKOUT,88.64,88.72,88.55,88.56,0,0,0,0,100.0
2026-05-08T09:30:00+00:00,CRYPTO,BULLISH,NO_TRADE,NO_BREAKOUT,88.57,88.62,88.52,88.59,0,0,0,0,100.0
2026-05-08T09:35:00+00:00,CRYPTO,BULLISH,NO_TRADE,NO_BREAKOUT,88.58,88.61,88.5,88.53,0,0,0,0,100.0
2026-05-08T09:40:00+00:00,CRYPTO,BULLISH,NO_TRADE,NO_BREAKOUT,88.53,88.53,88.46,88.47,0,0,0,0,100.0
2026-05-08T09:45:00+00:00,CRYPTO,BULLISH,NO_TRADE,NO_BREAKOUT,88.47,88.48,88.32,88.39,0,0,0,0,100.0
2026-05-08T09:50:00+00:00,CRYPTO,BULLISH,NO_TRADE,NO_BREAKOUT,88.39,88.39,88.32,88.38,0,0,0,0,100.0
2026-05-08T09:55:00+00:00,CRYPTO,BULLISH,NO_TRADE,NO_BREAKOUT,88.39,88.45,88.34,88.44,0,0,0,0,100.0
2026-05-08T10:00:00+00:00,CRYPTO,BULLISH,NO_TRADE,NO_BREAKOUT,88.44,88.61,88.43,88.58,0,0,0,0,100.0
2026-05-08T10:05:00+00:00,CRYPTO,RANGE,NO_TRADE,RANGE_STRUCTURE,88.58,88.58,88.28,88.33,0,0,0,0,100.0
2026-05-08T10:10:00+00:00,CRYPTO,RANGE,NO_TRADE,RANGE_STRUCTURE,88.34,88.45,88.34,88.41,0,0,0,0,100.0
2026-05-08T10:15:00+00:00,CRYPTO,RANGE,NO_TRADE,RANGE_STRUCTURE,88.42,88.47,88.36,88.45,0,0,0,0,100.0
2026-05-08T10:20:00+00:00,CRYPTO,RANGE,NO_TRADE,RANGE_STRUCTURE,88.45,88.49,88.36,88.48,0,0,0,0,100.0
2026-05-08T10:25:00+00:00,CRYPTO,RANGE,NO_TRADE,RANGE_STRUCTURE,88.48,88.52,88.42,88.46,0,0,0,0,100.0
2026-05-08T10:30:00+00:00,CRYPTO,RANGE,NO_TRADE,RANGE_STRUCTURE,88.46,88.61,88.45,88.59,0,0,0,0,100.0
2026-05-08T10:35:00+00:00,CRYPTO,RANGE,NO_TRADE,RANGE_STRUCTURE,88.59,88.7,88.58,88.64,0,0,0,0,100.0
2026-05-08T10:40:00+00:00,CRYPTO,RANGE,NO_TRADE,RANGE_STRUCTURE,88.63,88.71,88.59,88.67,0,0,0,0,100.0
2026-05-08T10:45:00+00:00,CRYPTO,BULLISH,NO_TRADE,NO_BREAKOUT,88.66,88.7,88.63,88.68,0,0,0,0,100.0
2026-05-08T10:50:00+00:00,CRYPTO,BULLISH,NO_TRADE,NO_BREAKOUT,88.68,88.73,88.68,88.71,0,0,0,0,100.0
2026-05-08T10:55:00+00:00,CRYPTO,BULLISH,NO_TRADE,NO_BREAKOUT,88.71,89.1,88.6,88.63,0,0,0,0,100.0
2026-05-08T11:00:00+00:00,CRYPTO,BULLISH,NO_TRADE,NO_BREAKOUT,88.64,88.74,88.58,88.65,0,0,0,0,100.0
2026-05-08T11:05:00+00:00,CRYPTO,BULLISH,NO_TRADE,NO_BREAKOUT,88.66,88.68,88.57,88.58,0,0,0,0,100.0
2026-05-08T11:10:00+00:00,CRYPTO,BULLISH,NO_TRADE,NO_BREAKOUT,88.58,88.59,88.47,88.59,0,0,0,0,100.0
2026-05-08T11:15:00+00:00,CRYPTO,BULLISH,NO_TRADE,NO_BREAKOUT,88.6,88.65,88.56,88.65,0,0,0,0,100.0
2026-05-08T11:20:00+00:00,CRYPTO,BULLISH,NO_TRADE,NO_BREAKOUT,88.65,88.73,88.57,88.68,0,0,0,0,100.0
2026-05-08T11:25:00+00:00,CRYPTO,RANGE,NO_TRADE,RANGE_STRUCTURE,88.67,88.7,88.64,88.66,0,0,0,0,100.0
2026-05-08T11:30:00+00:00,CRYPTO,RANGE,NO_TRADE,RANGE_STRUCTURE,88.66,88.69,88.6,88.66,0,0,0,0,100.0
2026-05-08T11:35:00+00:00,CRYPTO,RANGE,NO_TRADE,RANGE_STRUCTURE,88.66,88.7,88.58,88.61,0,0,0,0,100.0
2026-05-08T11:40:00+00:00,CRYPTO,RANGE,NO_TRADE,RANGE_STRUCTURE,88.62,88.64,88.5,88.52,0,0,0,0,100.0
2026-05-08T11:45:00+00:00,CRYPTO,RANGE,NO_TRADE,RANGE_STRUCTURE,88.53,88.66,88.53,88.64,0,0,0,0,100.0
2026-05-08T11:50:00+00:00,CRYPTO,RANGE,NO_TRADE,RANGE_STRUCTURE,88.64,88.7,88.62,88.68,0,0,0,0,100.0
2026-05-08T11:55:00+00:00,CRYPTO,RANGE,NO_TRADE,RANGE_STRUCTURE,88.67,88.68,88.63,88.64,0,0,0,0,100.0
2026-05-08T12:00:00+00:00,CRYPTO,RANGE,NO_TRADE,RANGE_STRUCTURE,88.64,88.72,88.59,88.6,0,0,0,0,100.0
2026-05-08T12:05:00+00:00,CRYPTO,BULLISH,NO_TRADE,NO_BREAKOUT,88.59,88.67,88.58,88.58,0,0,0,0,100.0
2026-05-08T12:10:00+00:00,CRYPTO,BULLISH,NO_TRADE,NO_BREAKOUT,88.58,88.62,88.51,88.62,0,0,0,0,100.0
2026-05-08T12:15:00+00:00,CRYPTO,BULLISH,NO_TRADE,NO_BREAKOUT,88.61,88.65,88.59,88.62,0,0,0,0,100.0
2026-05-08T12:20:00+00:00,CRYPTO,RANGE,NO_TRADE,RANGE_STRUCTURE,88.61,88.62,88.52,88.57,0,0,0,0,100.0
2026-05-08T12:25:00+00:00,CRYPTO,RANGE,NO_TRADE,RANGE_STRUCTURE,88.57,88.76,88.52,88.71,0,0,0,0,100.0
2026-05-08T12:30:00+00:00,CRYPTO,RANGE,NO_TRADE,RANGE_STRUCTURE,88.72,88.87,88.48,88.66,0,0,0,0,100.0
2026-05-08T12:35:00+00:00,CRYPTO,RANGE,NO_TRADE,RANGE_STRUCTURE,88.66,88.69,88.59,88.61,0,0,0,0,100.0
2026-05-08T12:40:00+00:00,CRYPTO,RANGE,NO_TRADE,RANGE_STRUCTURE,88.62,88.75,88.61,88.73,0,0,0,0,100.0
2026-05-08T12:45:00+00:00,CRYPTO,BEARISH,NO_TRADE,NO_BREAKOUT,88.73,88.74,88.57,88.57,0,0,0,0,100.0
2026-05-08T12:50:00+00:00,CRYPTO,BEARISH,NO_TRADE,NO_BREAKOUT,88.57,88.59,88.41,88.55,0,0,0,0,100.0
2026-05-08T12:55:00+00:00,CRYPTO,BEARISH,NO_TRADE,INVALID_PLAN,88.55,88.62,88.37,88.46,0,0,0,0,100.0
2026-05-08T13:00:00+00:00,CRYPTO,BEARISH,NO_TRADE,NO_BREAKOUT,88.47,88.56,88.42,88.51,0,0,0,0,100.0
2026-05-08T13:05:00+00:00,CRYPTO,BEARISH,NO_TRADE,NO_BREAKOUT,88.5,88.55,88.29,88.41,0,0,0,0,100.0
2026-05-08T13:10:00+00:00,CRYPTO,BEARISH,NO_TRADE,INVALID_PLAN,88.4,88.48,88.17,88.28,0,0,0,0,100.0
2026-05-08T13:15:00+00:00,CRYPTO,BEARISH,NO_TRADE,NO_BREAKOUT,88.29,88.44,88.29,88.39,0,0,0,0,100.0
2026-05-08T13:20:00+00:00,CRYPTO,BEARISH,NO_TRADE,NO_BREAKOUT,88.38,88.5,88.38,88.5,0,0,0,0,100.0
2026-05-08T13:25:00+00:00,CRYPTO,BEARISH,NO_TRADE,NO_BREAKOUT,88.5,88.5,88.28,88.29,0,0,0,0,100.0
2026-05-08T13:30:00+00:00,CRYPTO,BEARISH,NO_TRADE,NO_BREAKOUT,88.3,88.51,88.27,88.5,0,0,0,0,100.0
2026-05-08T13:35:00+00:00,CRYPTO,BEARISH,PLACE_SELL_STOP,TRADE_PLACED_SELL_STOP_RR1.0,88.5,88.53,88.13,88.14,88.315,88.17001,88.17,1.0,100.0
2026-05-08T13:40:00+00:00,CRYPTO,BEARISH,NO_TRADE,NO_BREAKOUT,88.14,88.16,88.01,88.11,0,0,0,0,103.0
2026-05-08T13:45:00+00:00,CRYPTO,BEARISH,NO_TRADE,NO_BREAKOUT,88.11,88.39,88.11,88.29,0,0,0,0,103.0
2026-05-08T13:50:00+00:00,CRYPTO,BEARISH,NO_TRADE,NO_BREAKOUT,88.3,88.42,88.27,88.28,0,0,0,0,103.0
2026-05-08T13:55:00+00:00,CRYPTO,BEARISH,NO_TRADE,NO_BREAKOUT,88.28,88.35,88.26,88.34,0,0,0,0,103.0
2026-05-08T14:00:00+00:00,CRYPTO,RANGE,NO_TRADE,RANGE_STRUCTURE,88.34,88.62,88.34,88.62,0,0,0,0,103.0
2026-05-08T14:05:00+00:00,CRYPTO,RANGE,NO_TRADE,RANGE_STRUCTURE,88.61,88.82,88.58,88.76,0,0,0,0,103.0
2026-05-08T14:10:00+00:00,CRYPTO,RANGE,NO_TRADE,RANGE_STRUCTURE,88.76,88.86,88.68,88.82,0,0,0,0,103.0
2026-05-08T14:15:00+00:00,CRYPTO,RANGE,NO_TRADE,RANGE_STRUCTURE,88.83,89.36,88.79,89.3,0,0,0,0,103.0
2026-05-08T14:20:00+00:00,CRYPTO,RANGE,NO_TRADE,RANGE_STRUCTURE,89.3,89.37,89.15,89.36,0,0,0,0,103.0
2026-05-08T14:25:00+00:00,CRYPTO,RANGE,NO_TRADE,RANGE_STRUCTURE,89.37,89.38,89.05,89.05,0,0,0,0,103.0
2026-05-08T14:30:00+00:00,CRYPTO,BULLISH,NO_TRADE,NO_BREAKOUT,89.05,89.11,88.64,89.09,0,0,0,0,103.0
2026-05-08T14:35:00+00:00,CRYPTO,BULLISH,NO_TRADE,NO_BREAKOUT,89.09,89.23,88.86,89.21,0,0,0,0,103.0
2026-05-08T14:40:00+00:00,CRYPTO,BULLISH,NO_TRADE,NO_BREAKOUT,89.2,89.24,89.11,89.22,0,0,0,0,103.0
2026-05-08T14:45:00+00:00,CRYPTO,RANGE,NO_TRADE,RANGE_STRUCTURE,89.22,89.23,89.07,89.13,0,0,0,0,103.0
2026-05-08T14:50:00+00:00,CRYPTO,RANGE,NO_TRADE,RANGE_STRUCTURE,89.13,89.24,89.03,89.24,0,0,0,0,103.0
2026-05-08T14:55:00+00:00,CRYPTO,RANGE,NO_TRADE,RANGE_STRUCTURE,89.24,89.24,89.04,89.15,0,0,0,0,103.0
2026-05-08T15:00:00+00:00,CRYPTO,RANGE,NO_TRADE,RANGE_STRUCTURE,89.16,89.29,88.95,88.97,0,0,0,0,103.0
2026-05-08T15:05:00+00:00,CRYPTO,BULLISH,NO_TRADE,NO_BREAKOUT,88.96,89.07,88.85,88.95,0,0,0,0,103.0
2026-05-08T15:10:00+00:00,CRYPTO,BULLISH,NO_TRADE,NO_BREAKOUT,88.95,89.08,88.84,88.9,0,0,0,0,103.0
2026-05-08T15:15:00+00:00,CRYPTO,RANGE,NO_TRADE,RANGE_STRUCTURE,88.9,88.93,88.66,88.7,0,0,0,0,103.0
2026-05-08T15:20:00+00:00,CRYPTO,RANGE,NO_TRADE,RANGE_STRUCTURE,88.7,88.84,88.44,88.48,0,0,0,0,103.0
2026-05-08T15:25:00+00:00,CRYPTO,RANGE,NO_TRADE,RANGE_STRUCTURE,88.48,88.59,88.43,88.59,0,0,0,0,103.0
2026-05-08T15:30:00+00:00,CRYPTO,BEARISH,NO_TRADE,NO_BREAKOUT,88.6,88.82,88.46,88.82,0,0,0,0,103.0
2026-05-08T15:35:00+00:00,CRYPTO,BEARISH,NO_TRADE,NO_BREAKOUT,88.82,89.07,88.76,89.06,0,0,0,0,103.0
2026-05-08T15:40:00+00:00,CRYPTO,BEARISH,NO_TRADE,NO_BREAKOUT,89.06,89.3,89.02,89.18,0,0,0,0,103.0
2026-05-08T15:45:00+00:00,CRYPTO,BEARISH,NO_TRADE,NO_BREAKOUT,89.18,89.37,89.14,89.25,0,0,0,0,103.0
2026-05-08T15:50:00+00:00,CRYPTO,BEARISH,NO_TRADE,NO_BREAKOUT,89.25,89.51,89.25,89.5,0,0,0,0,103.0
2026-05-08T15:55:00+00:00,CRYPTO,BEARISH,NO_TRADE,NO_BREAKOUT,89.51,89.6,89.47,89.59,0,0,0,0,103.0
2026-05-08T16:00:00+00:00,CRYPTO,BEARISH,NO_TRADE,NO_BREAKOUT,89.6,89.64,89.34,89.41,0,0,0,0,103.0
2026-05-08T16:05:00+00:00,CRYPTO,BULLISH,NO_TRADE,NO_BREAKOUT,89.41,89.58,89.38,89.46,0,0,0,0,103.0
2026-05-08T16:10:00+00:00,CRYPTO,BULLISH,NO_TRADE,NO_BREAKOUT,89.45,89.54,89.42,89.49,0,0,0,0,103.0
2026-05-08T16:15:00+00:00,CRYPTO,BULLISH,NO_TRADE,NO_BREAKOUT,89.48,89.6,89.39,89.5,0,0,0,0,103.0
2026-05-08T16:20:00+00:00,CRYPTO,BULLISH,PLACE_BUY_STOP,TRADE_PLACED_BUY_STOP_RR1.0,89.5,89.72,89.43,89.72,89.61,89.63999,89.64,1.0,103.0
2026-05-08T16:25:00+00:00,CRYPTO,BULLISH,NO_TRADE,NO_BREAKOUT,89.72,89.79,89.57,89.6,0,0,0,0,106.0
2026-05-08T16:30:00+00:00,CRYPTO,BULLISH,NO_TRADE,NO_BREAKOUT,89.6,89.65,89.44,89.63,0,0,0,0,106.0
2026-05-08T16:35:00+00:00,CRYPTO,BULLISH,NO_TRADE,NO_BREAKOUT,89.62,89.73,89.53,89.6,0,0,0,0,106.0
2026-05-08T16:40:00+00:00,CRYPTO,BULLISH,NO_TRADE,NO_BREAKOUT,89.59,89.73,89.53,89.71,0,0,0,0,106.0
2026-05-08T16:45:00+00:00,CRYPTO,BULLISH,NO_TRADE,NO_BREAKOUT,89.72,89.76,89.55,89.58,0,0,0,0,106.0
2026-05-08T16:50:00+00:00,CRYPTO,RANGE,NO_TRADE,RANGE_STRUCTURE,89.57,89.74,89.51,89.57,0,0,0,0,106.0
2026-05-08T16:55:00+00:00,CRYPTO,RANGE,NO_TRADE,RANGE_STRUCTURE,89.58,89.7,89.5,89.59,0,0,0,0,106.0
2026-05-08T17:00:00+00:00,CRYPTO,RANGE,NO_TRADE,RANGE_STRUCTURE,89.6,89.79,89.56,89.75,0,0,0,0,106.0
2026-05-08T17:05:00+00:00,CRYPTO,RANGE,NO_TRADE,RANGE_STRUCTURE,89.75,89.85,89.67,89.68,0,0,0,0,106.0
2026-05-08T17:10:00+00:00,CRYPTO,BULLISH,NO_TRADE,NO_BREAKOUT,89.69,89.82,89.6,89.79,0,0,0,0,106.0
2026-05-08T17:15:00+00:00,CRYPTO,BULLISH,NO_TRADE,INVALID_PLAN,89.78,90.0,89.76,89.99,0,0,0,0,106.0
2026-05-08T17:20:00+00:00,CRYPTO,BULLISH,NO_TRADE,NO_BREAKOUT,89.99,90.09,89.92,89.97,0,0,0,0,106.0
2026-05-08T17:25:00+00:00,CRYPTO,BULLISH,NO_TRADE,INVALID_PLAN,89.97,90.34,89.96,90.32,0,0,0,0,106.0
2026-05-08T17:30:00+00:00,CRYPTO,BULLISH,NO_TRADE,INVALID_PLAN,90.32,91.77,90.32,91.61,0,0,0,0,106.0
2026-05-08T17:35:00+00:00,CRYPTO,BULLISH,NO_TRADE,INVALID_PLAN,91.61,91.95,91.47,91.88,0,0,0,0,106.0
2026-05-08T17:40:00+00:00,CRYPTO,BULLISH,NO_TRADE,NO_BREAKOUT,91.89,91.94,91.48,91.51,0,0,0,0,106.0
2026-05-08T17:45:00+00:00,CRYPTO,BULLISH,NO_TRADE,NO_BREAKOUT,91.52,91.78,91.48,91.76,0,0,0,0,106.0
2026-05-08T17:50:00+00:00,CRYPTO,BULLISH,NO_TRADE,NO_BREAKOUT,91.77,91.83,91.6,91.78,0,0,0,0,106.0
2026-05-08T17:55:00+00:00,CRYPTO,BULLISH,NO_TRADE,NO_BREAKOUT,91.78,91.86,91.52,91.65,0,0,0,0,106.0
2026-05-08T18:00:00+00:00,CRYPTO,BULLISH,NO_TRADE,NO_BREAKOUT,91.66,92.04,91.65,91.77,0,0,0,0,106.0
2026-05-08T18:05:00+00:00,CRYPTO,BULLISH,NO_TRADE,NO_BREAKOUT,91.78,91.81,91.7,91.77,0,0,0,0,106.0
2026-05-08T18:10:00+00:00,CRYPTO,BULLISH,NO_TRADE,NO_BREAKOUT,91.78,91.91,91.77,91.89,0,0,0,0,106.0
2026-05-08T18:15:00+00:00,CRYPTO,BULLISH,NO_TRADE,NO_BREAKOUT,91.89,92.28,91.79,92.14,0,0,0,0,106.0
2026-05-08T18:20:00+00:00,CRYPTO,BULLISH,NO_TRADE,NO_BREAKOUT,92.13,92.34,92.1,92.26,0,0,0,0,106.0
2026-05-08T18:25:00+00:00,CRYPTO,BULLISH,NO_TRADE,NO_BREAKOUT,92.26,92.42,92.18,92.3,0,0,0,0,106.0
2026-05-08T18:30:00+00:00,CRYPTO,BULLISH,NO_TRADE,INVALID_PLAN,92.29,92.56,92.26,92.48,0,0,0,0,106.0
2026-05-08T18:35:00+00:00,CRYPTO,BULLISH,NO_TRADE,NO_BREAKOUT,92.49,92.56,92.31,92.54,0,0,0,0,106.0
2026-05-08T18:40:00+00:00,CRYPTO,BULLISH,NO_TRADE,NO_ZONE,92.53,92.55,92.26,92.31,0,0,0,0,106.0
2026-05-08T18:45:00+00:00,CRYPTO,BULLISH,NO_TRADE,NO_BREAKOUT,92.31,92.46,92.29,92.34,0,0,0,0,106.0
2026-05-08T18:50:00+00:00,CRYPTO,BULLISH,NO_TRADE,NO_BREAKOUT,92.35,92.55,92.32,92.46,0,0,0,0,106.0
2026-05-08T18:55:00+00:00,CRYPTO,BULLISH,NO_TRADE,NO_BREAKOUT,92.46,92.47,92.29,92.32,0,0,0,0,106.0
2026-05-08T19:00:00+00:00,CRYPTO,BULLISH,NO_TRADE,NO_BREAKOUT,92.32,92.32,92.04,92.07,0,0,0,0,106.0
2026-05-08T19:05:00+00:00,CRYPTO,RANGE,NO_TRADE,RANGE_STRUCTURE,92.07,92.47,92.07,92.4,0,0,0,0,106.0
2026-05-08T19:10:00+00:00,CRYPTO,BEARISH,NO_TRADE,NO_BREAKOUT,92.41,92.45,92.35,92.4,0,0,0,0,106.0
2026-05-08T19:15:00+00:00,CRYPTO,BEARISH,NO_TRADE,NO_BREAKOUT,92.41,92.75,92.41,92.69,0,0,0,0,106.0
2026-05-08T19:20:00+00:00,CRYPTO,BEARISH,NO_TRADE,NO_BREAKOUT,92.69,92.77,92.5,92.5,0,0,0,0,106.0
2026-05-08T19:25:00+00:00,CRYPTO,RANGE,NO_TRADE,RANGE_STRUCTURE,92.5,92.76,92.5,92.75,0,0,0,0,106.0
2026-05-08T19:30:00+00:00,CRYPTO,RANGE,NO_TRADE,RANGE_STRUCTURE,92.75,92.8,92.58,92.6,0,0,0,0,106.0
2026-05-08T19:35:00+00:00,CRYPTO,RANGE,NO_TRADE,RANGE_STRUCTURE,92.6,92.66,92.44,92.45,0,0,0,0,106.0
2026-05-08T19:40:00+00:00,CRYPTO,RANGE,NO_TRADE,RANGE_STRUCTURE,92.45,92.57,92.42,92.48,0,0,0,0,106.0
2026-05-08T19:45:00+00:00,CRYPTO,BULLISH,NO_TRADE,NO_BREAKOUT,92.48,92.6,92.45,92.53,0,0,0,0,106.0
2026-05-08T19:50:00+00:00,CRYPTO,BULLISH,NO_TRADE,NO_BREAKOUT,92.54,92.62,92.52,92.56,0,0,0,0,106.0
2026-05-08T19:55:00+00:00,CRYPTO,RANGE,NO_TRADE,RANGE_STRUCTURE,92.56,92.61,92.42,92.6,0,0,0,0,106.0
2026-05-08T20:00:00+00:00,CRYPTO,RANGE,NO_TRADE,RANGE_STRUCTURE,92.61,92.67,92.33,92.38,0,0,0,0,106.0
2026-05-08T20:05:00+00:00,CRYPTO,BULLISH,NO_TRADE,NO_BREAKOUT,92.37,92.44,92.21,92.34,0,0,0,0,106.0
2026-05-08T20:10:00+00:00,CRYPTO,RANGE,NO_TRADE,RANGE_STRUCTURE,92.34,92.46,92.34,92.42,0,0,0,0,106.0
2026-05-08T20:15:00+00:00,CRYPTO,RANGE,NO_TRADE,RANGE_STRUCTURE,92.43,92.48,92.26,92.26,0,0,0,0,106.0
2026-05-08T20:20:00+00:00,CRYPTO,RANGE,NO_TRADE,RANGE_STRUCTURE,92.25,92.51,92.23,92.48,0,0,0,0,106.0
2026-05-08T20:25:00+00:00,CRYPTO,RANGE,NO_TRADE,RANGE_STRUCTURE,92.48,92.49,92.39,92.48,0,0,0,0,106.0
2026-05-08T20:30:00+00:00,CRYPTO,RANGE,NO_TRADE,RANGE_STRUCTURE,92.49,92.51,92.24,92.47,0,0,0,0,106.0
2026-05-08T20:35:00+00:00,CRYPTO,RANGE,NO_TRADE,RANGE_STRUCTURE,92.47,92.48,92.33,92.38,0,0,0,0,106.0
2026-05-08T20:40:00+00:00,CRYPTO,RANGE,NO_TRADE,RANGE_STRUCTURE,92.37,92.41,92.29,92.35,0,0,0,0,106.0
2026-05-08T20:45:00+00:00,CRYPTO,RANGE,NO_TRADE,RANGE_STRUCTURE,92.35,92.4,92.29,92.33,0,0,0,0,106.0
2026-05-08T20:50:00+00:00,CRYPTO,RANGE,NO_TRADE,RANGE_STRUCTURE,92.32,92.33,92.1,92.11,0,0,0,0,106.0
2026-05-08T20:55:00+00:00,CRYPTO,RANGE,NO_TRADE,RANGE_STRUCTURE,92.11,92.14,92.01,92.11,0,0,0,0,106.0
2026-05-08T21:00:00+00:00,CRYPTO,RANGE,NO_TRADE,RANGE_STRUCTURE,92.12,92.23,92.07,92.19,0,0,0,0,106.0
2026-05-08T21:05:00+00:00,CRYPTO,RANGE,NO_TRADE,RANGE_STRUCTURE,92.18,92.24,91.85,91.88,0,0,0,0,106.0
2026-05-08T21:10:00+00:00,CRYPTO,BEARISH,NO_TRADE,NO_BREAKOUT,91.89,91.95,91.75,91.91,0,0,0,0,106.0
2026-05-08T21:15:00+00:00,CRYPTO,BEARISH,NO_TRADE,NO_BREAKOUT,91.9,92.06,91.89,92.02,0,0,0,0,106.0
2026-05-08T21:20:00+00:00,CRYPTO,BEARISH,NO_TRADE,NO_BREAKOUT,92.03,92.13,92.0,92.0,0,0,0,0,106.0
2026-05-08T21:25:00+00:00,CRYPTO,BEARISH,NO_TRADE,NO_BREAKOUT,92.0,92.07,91.89,91.93,0,0,0,0,106.0
2026-05-08T21:30:00+00:00,CRYPTO,RANGE,NO_TRADE,RANGE_STRUCTURE,91.94,92.13,91.94,92.11,0,0,0,0,106.0
2026-05-08T21:35:00+00:00,CRYPTO,RANGE,NO_TRADE,RANGE_STRUCTURE,92.11,92.31,92.11,92.27,0,0,0,0,106.0
2026-05-08T21:40:00+00:00,CRYPTO,RANGE,NO_TRADE,RANGE_STRUCTURE,92.27,92.39,92.22,92.38,0,0,0,0,106.0
2026-05-08T21:45:00+00:00,CRYPTO,RANGE,NO_TRADE,RANGE_STRUCTURE,92.38,92.39,92.3,92.33,0,0,0,0,106.0
2026-05-08T21:50:00+00:00,CRYPTO,RANGE,NO_TRADE,RANGE_STRUCTURE,92.34,92.36,92.25,92.33,0,0,0,0,106.0
2026-05-08T21:55:00+00:00,CRYPTO,RANGE,NO_TRADE,RANGE_STRUCTURE,92.33,92.33,92.26,92.3,0,0,0,0,106.0
2026-05-08T22:00:00+00:00,CRYPTO,RANGE,NO_TRADE,RANGE_STRUCTURE,92.31,92.52,92.28,92.48,0,0,0,0,106.0
2026-05-08T22:05:00+00:00,CRYPTO,RANGE,NO_TRADE,RANGE_STRUCTURE,92.49,92.6,92.48,92.52,0,0,0,0,106.0
2026-05-08T22:10:00+00:00,CRYPTO,RANGE,NO_TRADE,RANGE_STRUCTURE,92.52,92.65,92.49,92.65,0,0,0,0,106.0
2026-05-08T22:15:00+00:00,CRYPTO,RANGE,NO_TRADE,RANGE_STRUCTURE,92.65,92.71,92.52,92.54,0,0,0,0,106.0
2026-05-08T22:20:00+00:00,CRYPTO,BULLISH,NO_TRADE,NO_BREAKOUT,92.54,92.59,92.47,92.55,0,0,0,0,106.0
2026-05-08T22:25:00+00:00,CRYPTO,BULLISH,NO_TRADE,NO_BREAKOUT,92.54,92.54,92.4,92.42,0,0,0,0,106.0
2026-05-08T22:30:00+00:00,CRYPTO,BULLISH,NO_TRADE,NO_BREAKOUT,92.42,92.48,92.38,92.39,0,0,0,0,106.0
2026-05-08T22:35:00+00:00,CRYPTO,BULLISH,NO_TRADE,NO_BREAKOUT,92.38,92.47,92.34,92.34,0,0,0,0,106.0
2026-05-08T22:40:00+00:00,CRYPTO,BULLISH,NO_TRADE,NO_BREAKOUT,92.35,92.41,92.34,92.36,0,0,0,0,106.0
2026-05-08T22:45:00+00:00,CRYPTO,BULLISH,NO_TRADE,NO_BREAKOUT,92.37,92.46,92.36,92.44,0,0,0,0,106.0
2026-05-08T22:50:00+00:00,CRYPTO,RANGE,NO_TRADE,RANGE_STRUCTURE,92.43,92.45,92.27,92.28,0,0,0,0,106.0
2026-05-08T22:55:00+00:00,CRYPTO,RANGE,NO_TRADE,RANGE_STRUCTURE,92.29,92.3,92.25,92.3,0,0,0,0,106.0
2026-05-08T23:00:00+00:00,CRYPTO,RANGE,NO_TRADE,RANGE_STRUCTURE,92.3,92.3,92.23,92.24,0,0,0,0,106.0
2026-05-08T23:05:00+00:00,CRYPTO,RANGE,NO_TRADE,RANGE_STRUCTURE,92.23,92.23,92.06,92.1,0,0,0,0,106.0
2026-05-08T23:10:00+00:00,CRYPTO,RANGE,NO_TRADE,RANGE_STRUCTURE,92.1,92.18,92.03,92.04,0,0,0,0,106.0
2026-05-08T23:15:00+00:00,CRYPTO,RANGE,NO_TRADE,RANGE_STRUCTURE,92.04,92.1,91.94,92.1,0,0,0,0,106.0
2026-05-08T23:20:00+00:00,CRYPTO,BEARISH,NO_TRADE,NO_BREAKOUT,92.09,92.11,91.96,91.97,0,0,0,0,106.0
2026-05-08T23:25:00+00:00,CRYPTO,BEARISH,NO_TRADE,NO_BREAKOUT,91.97,92.01,91.92,91.95,0,0,0,0,106.0
2026-05-08T23:30:00+00:00,CRYPTO,BEARISH,NO_TRADE,NO_BREAKOUT,91.95,91.97,91.84,91.92,0,0,0,0,106.0
2026-05-08T23:35:00+00:00,CRYPTO,BEARISH,NO_TRADE,INVALID_PLAN,91.92,91.92,91.73,91.76,0,0,0,0,106.0
2026-05-08T23:40:00+00:00,CRYPTO,BEARISH,NO_TRADE,NO_BREAKOUT,91.75,91.88,91.75,91.82,0,0,0,0,106.0
2026-05-08T23:45:00+00:00,CRYPTO,BEARISH,NO_TRADE,NO_BREAKOUT,91.81,91.92,91.78,91.87,0,0,0,0,106.0
2026-05-08T23:50:00+00:00,CRYPTO,BEARISH,NO_TRADE,NO_BREAKOUT,91.88,91.98,91.85,91.88,0,0,0,0,106.0
2026-05-08T23:55:00+00:00,CRYPTO,BEARISH,NO_TRADE,NO_BREAKOUT,91.89,92.06,91.89,92.01,0,0,0,0,106.0
2026-05-09T00:00:00+00:00,CRYPTO,BEARISH,NO_TRADE,NO_BREAKOUT,92.02,92.04,91.87,91.88,0,0,0,0,106.0
2026-05-09T00:05:00+00:00,CRYPTO,BEARISH,NO_TRADE,NO_BREAKOUT,91.88,91.96,91.85,91.92,0,0,0,0,106.0
2026-05-09T00:10:00+00:00,CRYPTO,RANGE,NO_TRADE,RANGE_STRUCTURE,91.92,92.1,91.92,92.08,0,0,0,0,106.0
2026-05-09T00:15:00+00:00,CRYPTO,RANGE,NO_TRADE,RANGE_STRUCTURE,92.09,92.23,92.08,92.15,0,0,0,0,106.0
2026-05-09T00:20:00+00:00,CRYPTO,RANGE,NO_TRADE,RANGE_STRUCTURE,92.16,92.41,92.15,92.28,0,0,0,0,106.0
2026-05-09T00:25:00+00:00,CRYPTO,BULLISH,NO_TRADE,NO_BREAKOUT,92.29,92.38,92.28,92.37,0,0,0,0,106.0
2026-05-09T00:30:00+00:00,CRYPTO,BULLISH,NO_TRADE,INVALID_PLAN,92.38,92.55,92.38,92.5,0,0,0,0,106.0
2026-05-09T00:35:00+00:00,CRYPTO,BULLISH,NO_TRADE,NO_BREAKOUT,92.51,92.54,92.43,92.46,0,0,0,0,106.0
2026-05-09T00:40:00+00:00,CRYPTO,BULLISH,NO_TRADE,NO_BREAKOUT,92.45,92.47,92.33,92.37,0,0,0,0,106.0
2026-05-09T00:45:00+00:00,CRYPTO,BULLISH,NO_TRADE,NO_BREAKOUT,92.38,92.62,92.37,92.52,0,0,0,0,106.0
2026-05-09T00:50:00+00:00,CRYPTO,BULLISH,NO_TRADE,NO_BREAKOUT,92.52,92.52,92.41,92.51,0,0,0,0,106.0
2026-05-09T00:55:00+00:00,CRYPTO,BULLISH,NO_TRADE,NO_BREAKOUT,92.5,92.51,92.41,92.48,0,0,0,0,106.0
2026-05-09T01:00:00+00:00,CRYPTO,BULLISH,NO_TRADE,NO_BREAKOUT,92.48,92.52,92.44,92.48,0,0,0,0,106.0
2026-05-09T01:05:00+00:00,CRYPTO,BULLISH,PLACE_BUY_STOP,TRADE_PLACED_BUY_STOP_RR1.0,92.47,92.68,92.42,92.67,92.575,92.61999,92.62,1.0,106.0
2026-05-09T01:10:00+00:00,CRYPTO,BULLISH,NO_TRADE,NO_BREAKOUT,92.66,92.72,92.64,92.67,0,0,0,0,109.0
2026-05-09T01:15:00+00:00,CRYPTO,BULLISH,NO_TRADE,NO_BREAKOUT,92.68,92.7,92.53,92.57,0,0,0,0,109.0
2026-05-09T01:20:00+00:00,CRYPTO,BULLISH,NO_TRADE,NO_BREAKOUT,92.57,92.57,92.47,92.49,0,0,0,0,109.0
2026-05-09T01:25:00+00:00,CRYPTO,BULLISH,NO_TRADE,NO_BREAKOUT,92.49,92.55,92.47,92.49,0,0,0,0,109.0
2026-05-09T01:30:00+00:00,CRYPTO,BULLISH,NO_TRADE,NO_BREAKOUT,92.48,92.66,92.48,92.64,0,0,0,0,109.0
2026-05-09T01:35:00+00:00,CRYPTO,BULLISH,NO_TRADE,INVALID_PLAN,92.65,92.92,92.6,92.84,0,0,0,0,109.0
2026-05-09T01:40:00+00:00,CRYPTO,BULLISH,NO_TRADE,INVALID_PLAN,92.85,93.35,92.84,93.18,0,0,0,0,109.0
2026-05-09T01:45:00+00:00,CRYPTO,BULLISH,NO_TRADE,NO_BREAKOUT,93.19,93.32,93.1,93.1,0,0,0,0,109.0
2026-05-09T01:50:00+00:00,CRYPTO,BULLISH,NO_TRADE,INVALID_PLAN,93.11,93.91,93.01,93.72,0,0,0,0,109.0
2026-05-09T01:55:00+00:00,CRYPTO,BULLISH,NO_TRADE,NO_BREAKOUT,93.73,93.82,93.51,93.51,0,0,0,0,109.0
2026-05-09T02:00:00+00:00,CRYPTO,BULLISH,NO_TRADE,NO_BREAKOUT,93.52,93.63,93.3,93.49,0,0,0,0,109.0
2026-05-09T02:05:00+00:00,CRYPTO,BULLISH,NO_TRADE,NO_BREAKOUT,93.49,93.8,93.42,93.75,0,0,0,0,109.0
2026-05-09T02:10:00+00:00,CRYPTO,RANGE,NO_TRADE,RANGE_STRUCTURE,93.76,93.77,93.48,93.58,0,0,0,0,109.0
2026-05-09T02:15:00+00:00,CRYPTO,RANGE,NO_TRADE,RANGE_STRUCTURE,93.58,93.65,93.52,93.54,0,0,0,0,109.0
2026-05-09T02:20:00+00:00,CRYPTO,RANGE,NO_TRADE,RANGE_STRUCTURE,93.54,93.59,93.35,93.44,0,0,0,0,109.0
2026-05-09T02:25:00+00:00,CRYPTO,RANGE,NO_TRADE,RANGE_STRUCTURE,93.44,93.45,93.36,93.45,0,0,0,0,109.0
2026-05-09T02:30:00+00:00,CRYPTO,RANGE,NO_TRADE,RANGE_STRUCTURE,93.45,93.6,93.44,93.56,0,0,0,0,109.0
2026-05-09T02:35:00+00:00,CRYPTO,RANGE,NO_TRADE,RANGE_STRUCTURE,93.56,93.65,93.51,93.52,0,0,0,0,109.0
2026-05-09T02:40:00+00:00,CRYPTO,RANGE,NO_TRADE,RANGE_STRUCTURE,93.53,93.55,93.4,93.48,0,0,0,0,109.0
2026-05-09T02:45:00+00:00,CRYPTO,RANGE,NO_TRADE,RANGE_STRUCTURE,93.49,93.51,93.3,93.37,0,0,0,0,109.0
2026-05-09T02:50:00+00:00,CRYPTO,RANGE,NO_TRADE,RANGE_STRUCTURE,93.38,93.5,93.3,93.46,0,0,0,0,109.0
2026-05-09T02:55:00+00:00,CRYPTO,RANGE,NO_TRADE,RANGE_STRUCTURE,93.47,93.51,93.42,93.51,0,0,0,0,109.0
2026-05-09T03:00:00+00:00,CRYPTO,RANGE,NO_TRADE,RANGE_STRUCTURE,93.51,93.55,93.41,93.55,0,0,0,0,109.0
2026-05-09T03:05:00+00:00,CRYPTO,RANGE,NO_TRADE,RANGE_STRUCTURE,93.56,93.68,93.54,93.58,0,0,0,0,109.0
2026-05-09T03:10:00+00:00,CRYPTO,RANGE,NO_TRADE,RANGE_STRUCTURE,93.57,93.72,93.56,93.56,0,0,0,0,109.0
2026-05-09T03:15:00+00:00,CRYPTO,RANGE,NO_TRADE,RANGE_STRUCTURE,93.57,93.77,93.57,93.68,0,0,0,0,109.0
2026-05-09T03:20:00+00:00,CRYPTO,RANGE,NO_TRADE,RANGE_STRUCTURE,93.68,93.77,93.63,93.66,0,0,0,0,109.0
2026-05-09T03:25:00+00:00,CRYPTO,RANGE,NO_TRADE,RANGE_STRUCTURE,93.67,93.71,93.59,93.67,0,0,0,0,109.0
2026-05-09T03:30:00+00:00,CRYPTO,RANGE,NO_TRADE,RANGE_STRUCTURE,93.68,93.68,93.52,93.58,0,0,0,0,109.0
2026-05-09T03:35:00+00:00,CRYPTO,RANGE,NO_TRADE,RANGE_STRUCTURE,93.58,93.59,93.46,93.49,0,0,0,0,109.0
2026-05-09T03:40:00+00:00,CRYPTO,RANGE,NO_TRADE,RANGE_STRUCTURE,93.49,93.55,93.41,93.53,0,0,0,0,109.0
2026-05-09T03:45:00+00:00,CRYPTO,RANGE,NO_TRADE,RANGE_STRUCTURE,93.54,93.71,93.5,93.61,0,0,0,0,109.0
2026-05-09T03:50:00+00:00,CRYPTO,RANGE,NO_TRADE,RANGE_STRUCTURE,93.62,93.73,93.55,93.68,0,0,0,0,109.0
2026-05-09T03:55:00+00:00,CRYPTO,RANGE,NO_TRADE,RANGE_STRUCTURE,93.69,93.71,93.64,93.64,0,0,0,0,109.0
2026-05-09T04:00:00+00:00,CRYPTO,RANGE,NO_TRADE,RANGE_STRUCTURE,93.65,93.8,93.62,93.77,0,0,0,0,109.0
2026-05-09T04:05:00+00:00,CRYPTO,BULLISH,NO_TRADE,INVALID_PLAN,93.77,94.17,93.77,94.01,0,0,0,0,109.0
2026-05-09T04:10:00+00:00,CRYPTO,BULLISH,NO_TRADE,NO_BREAKOUT,94.02,94.02,93.89,93.94,0,0,0,0,109.0
2026-05-09T04:15:00+00:00,CRYPTO,BULLISH,NO_TRADE,NO_BREAKOUT,93.94,93.95,93.73,93.73,0,0,0,0,109.0
2026-05-09T04:20:00+00:00,CRYPTO,BULLISH,NO_TRADE,NO_BREAKOUT,93.74,93.78,93.66,93.68,0,0,0,0,109.0
2026-05-09T04:25:00+00:00,CRYPTO,BULLISH,NO_TRADE,NO_BREAKOUT,93.68,93.68,93.53,93.65,0,0,0,0,109.0
2026-05-09T04:30:00+00:00,CRYPTO,RANGE,NO_TRADE,RANGE_STRUCTURE,93.65,93.73,93.61,93.71,0,0,0,0,109.0
2026-05-09T04:35:00+00:00,CRYPTO,BEARISH,NO_TRADE,NO_BREAKOUT,93.71,93.71,93.52,93.53,0,0,0,0,109.0
2026-05-09T04:40:00+00:00,CRYPTO,BEARISH,NO_TRADE,NO_BREAKOUT,93.53,93.61,93.42,93.44,0,0,0,0,109.0
2026-05-09T04:45:00+00:00,CRYPTO,BEARISH,NO_TRADE,NO_BREAKOUT,93.44,93.58,93.43,93.53,0,0,0,0,109.0
2026-05-09T04:50:00+00:00,CRYPTO,BEARISH,NO_TRADE,NO_BREAKOUT,93.53,93.62,93.4,93.43,0,0,0,0,109.0
2026-05-09T04:55:00+00:00,CRYPTO,BEARISH,NO_TRADE,INVALID_PLAN,93.43,93.5,93.12,93.24,0,0,0,0,109.0
2026-05-09T05:00:00+00:00,CRYPTO,BEARISH,NO_TRADE,INVALID_PLAN,93.24,93.24,92.94,92.98,0,0,0,0,109.0
2026-05-09T05:05:00+00:00,CRYPTO,BEARISH,NO_TRADE,NO_BREAKOUT,92.99,93.08,92.84,92.89,0,0,0,0,109.0
2026-05-09T05:10:00+00:00,CRYPTO,BEARISH,NO_TRADE,NO_BREAKOUT,92.89,93.17,92.88,93.12,0,0,0,0,109.0
2026-05-09T05:15:00+00:00,CRYPTO,BEARISH,NO_TRADE,NO_BREAKOUT,93.12,93.39,93.12,93.34,0,0,0,0,109.0
2026-05-09T05:20:00+00:00,CRYPTO,BEARISH,NO_TRADE,NO_BREAKOUT,93.34,93.53,93.33,93.48,0,0,0,0,109.0
2026-05-09T05:25:00+00:00,CRYPTO,BEARISH,NO_TRADE,NO_BREAKOUT,93.48,93.53,93.43,93.5,0,0,0,0,109.0
2026-05-09T05:30:00+00:00,CRYPTO,BEARISH,NO_TRADE,NO_BREAKOUT,93.51,93.6,93.44,93.58,0,0,0,0,109.0
2026-05-09T05:35:00+00:00,CRYPTO,BEARISH,NO_TRADE,NO_BREAKOUT,93.58,93.71,93.57,93.67,0,0,0,0,109.0
2026-05-09T05:40:00+00:00,CRYPTO,BEARISH,NO_TRADE,NO_BREAKOUT,93.68,93.74,93.64,93.71,0,0,0,0,109.0
2026-05-09T05:45:00+00:00,CRYPTO,BEARISH,NO_TRADE,NO_BREAKOUT,93.7,93.75,93.6,93.67,0,0,0,0,109.0
2026-05-09T05:50:00+00:00,CRYPTO,BULLISH,NO_TRADE,NO_BREAKOUT,93.67,93.72,93.63,93.7,0,0,0,0,109.0
2026-05-09T05:55:00+00:00,CRYPTO,BULLISH,NO_TRADE,NO_BREAKOUT,93.71,93.78,93.69,93.75,0,0,0,0,109.0
2026-05-09T06:00:00+00:00,CRYPTO,BULLISH,NO_TRADE,INVALID_PLAN,93.75,93.97,93.73,93.91,0,0,0,0,109.0
2026-05-09T06:05:00+00:00,CRYPTO,BULLISH,NO_TRADE,NO_BREAKOUT,93.92,93.98,93.9,93.94,0,0,0,0,109.0
2026-05-09T06:10:00+00:00,CRYPTO,BULLISH,NO_TRADE,NO_BREAKOUT,93.94,94.13,93.81,93.89,0,0,0,0,109.0
2026-05-09T06:15:00+00:00,CRYPTO,BULLISH,NO_TRADE,NO_BREAKOUT,93.89,93.89,93.62,93.63,0,0,0,0,109.0
2026-05-09T06:20:00+00:00,CRYPTO,BULLISH,NO_TRADE,NO_BREAKOUT,93.64,93.73,93.56,93.58,0,0,0,0,109.0
2026-05-09T06:25:00+00:00,CRYPTO,BULLISH,NO_TRADE,NO_BREAKOUT,93.59,93.6,93.51,93.55,0,0,0,0,109.0
2026-05-09T06:30:00+00:00,CRYPTO,BULLISH,NO_TRADE,NO_BREAKOUT,93.55,93.64,93.51,93.52,0,0,0,0,109.0
2026-05-09T06:35:00+00:00,CRYPTO,RANGE,NO_TRADE,RANGE_STRUCTURE,93.52,93.52,93.22,93.29,0,0,0,0,109.0
2026-05-09T06:40:00+00:00,CRYPTO,RANGE,NO_TRADE,RANGE_STRUCTURE,93.29,93.52,93.21,93.44,0,0,0,0,109.0
2026-05-09T06:45:00+00:00,CRYPTO,BEARISH,NO_TRADE,NO_BREAKOUT,93.44,93.57,93.37,93.56,0,0,0,0,109.0
2026-05-09T06:50:00+00:00,CRYPTO,BEARISH,NO_TRADE,NO_BREAKOUT,93.56,93.56,93.42,93.48,0,0,0,0,109.0
2026-05-09T06:55:00+00:00,CRYPTO,BEARISH,NO_TRADE,NO_BREAKOUT,93.48,93.56,93.46,93.54,0,0,0,0,109.0
2026-05-09T07:00:00+00:00,CRYPTO,BEARISH,NO_TRADE,NO_BREAKOUT,93.54,93.68,93.53,93.59,0,0,0,0,109.0
2026-05-09T07:05:00+00:00,CRYPTO,RANGE,NO_TRADE,RANGE_STRUCTURE,93.59,93.6,93.34,93.38,0,0,0,0,109.0
2026-05-09T07:10:00+00:00,CRYPTO,BULLISH,NO_TRADE,NO_BREAKOUT,93.39,93.52,93.38,93.48,0,0,0,0,109.0
2026-05-09T07:15:00+00:00,CRYPTO,BULLISH,NO_TRADE,NO_BREAKOUT,93.48,93.71,93.48,93.62,0,0,0,0,109.0
2026-05-09T07:20:00+00:00,CRYPTO,BULLISH,NO_TRADE,INVALID_PLAN,93.62,93.81,93.6,93.8,0,0,0,0,109.0
2026-05-09T07:25:00+00:00,CRYPTO,BULLISH,NO_TRADE,NO_BREAKOUT,93.8,93.81,93.65,93.68,0,0,0,0,109.0
2026-05-09T07:30:00+00:00,CRYPTO,BULLISH,NO_TRADE,INVALID_PLAN,93.68,93.95,93.67,93.93,0,0,0,0,109.0
2026-05-09T07:35:00+00:00,CRYPTO,BULLISH,NO_TRADE,NO_BREAKOUT,93.94,93.98,93.79,93.84,0,0,0,0,109.0
2026-05-09T07:40:00+00:00,CRYPTO,BULLISH,NO_TRADE,NO_ZONE,93.85,94.0,93.63,93.72,0,0,0,0,109.0
2026-05-09T07:45:00+00:00,CRYPTO,BULLISH,NO_TRADE,NO_BREAKOUT,93.73,93.78,93.66,93.74,0,0,0,0,109.0
2026-05-09T07:50:00+00:00,CRYPTO,BULLISH,NO_TRADE,NO_BREAKOUT,93.74,93.82,93.69,93.69,0,0,0,0,109.0
